{
  "candidate_id": "img320_conf0p25",
  "imgsz": 320,
  "conf": 0.25,
  "map50_mean": 0.10836228576921773,
  "map50_95_mean": 0.026842083769855356,
  "operating_precision_mean": 0.35349913244650083,
  "operating_recall_mean": 0.13682132785095627,
  "false_positives_mean": 32.0,
  "false_negatives_mean": 117.2,
  "fn_fp_score_mean": 125.2,
  "selection_metric": "mean(false_negatives + 0.25 * false_positives)",
  "baseline_candidate": "img320_conf0p25"
}