image_id,image_path,class_id,class_name,confidence,xmin,ymin,xmax,ymax,best_iou
20170610-SPI-AOI-1,C:\Users\User\Desktop\practice\pcb_aoi_project\data\yolo\images\test\20170610-SPI-AOI-1.jpeg,0,Bad_podu,0.2813958525657654,25.247509002685547,523.5711669921875,39.0828742980957,547.8536987304688,0.4990460667601371
20170705-SPI-AOI-1,C:\Users\User\Desktop\practice\pcb_aoi_project\data\yolo\images\test\20170705-SPI-AOI-1.jpeg,0,Bad_podu,0.2690161466598511,457.3157348632813,493.94482421875,474.354248046875,511.043212890625,0.4661223352991272
20170815-SPI-AOI-1,C:\Users\User\Desktop\practice\pcb_aoi_project\data\yolo\images\test\20170815-SPI-AOI-1.jpeg,0,Bad_podu,0.2554534375667572,525.4497680664062,77.9836654663086,551.7919921875,87.07765197753906,0.2892778274145397
20170830-SPI-AOI-1,C:\Users\User\Desktop\practice\pcb_aoi_project\data\yolo\images\test\20170830-SPI-AOI-1.jpeg,0,Bad_podu,0.3294090926647186,414.4143981933594,59.27922058105469,429.0829772949219,84.22294616699219,0.44813824261427515
20180319-SPI-AOI-4,C:\Users\User\Desktop\practice\pcb_aoi_project\data\yolo\images\test\20180319-SPI-AOI-4.jpeg,0,Bad_podu,0.2514378428459167,203.99424743652344,522.2883911132812,219.9059295654297,540.3831176757812,0.4018486247782616
20180403-SPI-AOI-1,C:\Users\User\Desktop\practice\pcb_aoi_project\data\yolo\images\test\20180403-SPI-AOI-1.jpeg,0,Bad_podu,0.257454365491867,537.4381103515625,91.57357025146484,554.4578857421875,119.54258728027344,0.4964028428877837
